,mean_fit_time,std_fit_time,mean_score_time,std_score_time,param_max_leaf_nodes,param_n_estimators,params,split0_test_score,split1_test_score,split2_test_score,split3_test_score,split4_test_score,mean_test_score,std_test_score,rank_test_score
0,2.4767940521240233,0.026833099294412886,0.06581449508666992,2.2314246835892397e-05,16,200,"{'max_leaf_nodes': 16, 'n_estimators': 200}",0.829644533869886,0.8407109322602281,0.8373574782025486,0.8322147651006712,0.837248322147651,0.8354353951428954,0.003968145466110504,4
1,6.054896545410156,0.4085311846511792,0.15358915328979492,0.025544009033997013,16,500,"{'max_leaf_nodes': 16, 'n_estimators': 500}",0.8269617706237424,0.8380281690140845,0.8363514419852448,0.8265100671140939,0.8375838926174497,0.8330873473768952,0.00521655412124564,5
2,6.319334411621094,0.05787209693057741,0.1671506404876709,0.005592976502651125,16,800,"{'max_leaf_nodes': 16, 'n_estimators': 800}",0.8276324614352784,0.8383635144198525,0.8350100603621731,0.8265100671140939,0.8335570469798658,0.8322152153495237,0.004493721210142076,6
3,1.8275998115539551,0.04009532536850807,0.0470921516418457,0.0023299768300128775,32,200,"{'max_leaf_nodes': 32, 'n_estimators': 200}",0.8574782025486251,0.8802816901408451,0.8722334004024145,0.874496644295302,0.862751677852349,0.8694485442103851,0.008231362012543148,1
4,4.525332069396972,0.0668645009111385,0.11287822723388671,0.0029652447643849244,32,500,"{'max_leaf_nodes': 32, 'n_estimators': 500}",0.8571428571428571,0.8772635814889336,0.8718980549966465,0.8714765100671141,0.8624161073825504,0.868039715550785,0.007241349879856813,3
5,7.1947245597839355,0.07271737661960494,0.1777278423309326,0.0026321204182944606,32,800,"{'max_leaf_nodes': 32, 'n_estimators': 800}",0.8571428571428571,0.8779342723004695,0.8715627095908786,0.87248322147651,0.8624161073825504,0.8683080638668992,0.007484727279195172,2
